{"valid": true, "origin": [222.53893295015556, 96.65420561425125, -99.505516, 1.09], "vector_i": [-0.11270236156059761, -27.44722399151413, -99.505516, 1.09], "vector_j": [26.893328811493944, -0.11042798602212704, -99.505516, 1.09], "void_pos": [352.21829, -122.457685, -97.370216, 1.09], "q": [359.576153, 123.977595, -93.676971, 1.09], "b": [359.575754, 123.978752, -93.676971, 1.09], "r": [359.575091, 123.978523, -93.676857, 1.09], "n": [359.576014, 123.978841, -93.67746, 1.09]}