{"valid": true, "origin": [221.72670492978662, 91.85097632951744, -99.309479, 1.09], "vector_i": [-0.2996041102086175, -27.088523286994945, -99.309479, 1.09], "vector_j": [26.91024171172865, -0.297632282798235, -99.309479, 1.09], "void_pos": [353.24165, -124.900839, -91.353508, 1.09], "q": [353.59895, 121.448644, -98.123878, 1.09], "b": [301.830043, 118.690676, -100.29895, 1.09], "r": [301.860303, 118.612278, -100.299202, 1.09], "n": [301.863343, 118.604541, -100.299202, 1.09]}